{
  "cryptomining": {
    "IF-LITE": {
      "auc": 0.9442434027777779,
      "f1": 0.8623816240177312,
      "fpr_at_95tpr": 0.29625
    },
    "AE-LITE": {
      "auc": 0.7003479166666666,
      "f1": 0.7302443668676609,
      "fpr_at_95tpr": 0.65375
    },
    "MLC (proposed)": {
      "auc": 0.9565633680555555,
      "f1": 0.9023075264179427,
      "fpr_at_95tpr": 0.32
    }
  },
  "hidden_inference": {
    "IF-LITE": {
      "auc": 0.8787239583333334,
      "f1": 0.798146655922643,
      "fpr_at_95tpr": 0.4891666666666667
    },
    "AE-LITE": {
      "auc": 0.69425625,
      "f1": 0.7268586302261265,
      "fpr_at_95tpr": 0.67125
    },
    "MLC (proposed)": {
      "auc": 0.8425619791666666,
      "f1": 0.7584097859327217,
      "fpr_at_95tpr": 0.76875
    }
  },
  "beacon_malware": {
    "IF-LITE": {
      "auc": 0.5448399305555556,
      "f1": 0.6683623004097782,
      "fpr_at_95tpr": 0.90875
    },
    "AE-LITE": {
      "auc": 0.5110175347222222,
      "f1": 0.6671303380164141,
      "fpr_at_95tpr": 0.9466666666666667
    },
    "MLC (proposed)": {
      "auc": 0.5751793402777778,
      "f1": 0.667316258351893,
      "fpr_at_95tpr": 0.9266666666666666
    }
  },
  "firmware_boot": {
    "IF-LITE": {
      "auc": 0.7831328125000001,
      "f1": 0.750128446651824,
      "fpr_at_95tpr": 0.6158333333333333
    },
    "AE-LITE": {
      "auc": 0.6450857638888888,
      "f1": 0.7156862745098039,
      "fpr_at_95tpr": 0.71
    },
    "MLC (proposed)": {
      "auc": 0.7921703125,
      "f1": 0.7098005939753925,
      "fpr_at_95tpr": 0.8383333333333334
    }
  }
}